Checked on CIViC?,PMID,cDNA_Position,Multiple Mutants in Case,Mutation Event c.DNA.,Transcript Reference,Predicted Consequence Protein Change,variant_name,Mutation Type,Kindred Case,Confirmed De Novo,Phenotype (for reference),Phenotype,Reference,Age,Sex,Notes,Evidence Statements,Resolution,Person,,Input,Warnings,HGVS_transcript,HGVS_intronic_chr_context,HGVS_intronic_rsg_context,HGVS_RefSeqGene,HGVS_LRG,HGVS_LRG_transcript,HGVS_Predicted_Protein,HGVS_Genomic_GRCh37,GRCh37_CHR,GRCh37_POS,GRCh37_ID,GRCh37_REF,GRCh37_ALT,HGVS_Genomic_GRCh38,GRCh38_CHR,GRCh38_POS,GRCh38_ID,GRCh38_REF,GRCh38_ALT,Gene_Symbol,HGNC_Gene_ID,Transcript_description,Alt_genomic_loci,
N/A,"No PMID, OVID: 620924735",293,no,c.293A>C,NM_000551.3,p.Tyr98Ser,Y98S (c.293A>C),missense_variant,1,No,pheochromocytoma; pancreatic mass; cerebellar hemangioblastoma,HP:0002666; HP:0001732; HP:0006880,"(Amanda et al., 2018)",E30Y0M,F,conference abstract,"A case report of a 30 year old young female who presented with hypertension and was subsequently diagnosed to have VHL disease with a c.293A>C mutation in the VHL gene, causing the substitution of Tyr with Ser at amino acid 98. Patient presented with adrenal pheochromocytoma, pancreatic mass, and cerebellar haemangioblastoma. Family history is unavailable. ACMG: PP2, PP4",Patient,Kelly; Andreea,,NM_000551.3:c.293A>C,,NM_000551.3:c.293A>C,,,NG_008212.3:g.5506A>C,LRG_322:g.5506A>C,LRG_322t1:c.293A>C,NP_000542.1(LRG_322p1):p.(Tyr98Ser),NC_000003.11:g.10183824A>C,3,10183824,.,A,C,NC_000003.12:g.10142140A>C,3,10142140,.,A,C,VHL,HGNC:12687,"Homo sapiens von Hippel-Lindau tumor suppressor (VHL), transcript variant 1, mRNA",,
N/A,No PMID,491,No,c.491A>G,NM_000551.3,p.Gln164Arg,Q164R(c.491A>G),missense_variant,None,No,,HP:0002666,"(Batista et al., 2011)",lk37Y0M,F,Abstract,"This abstract presented a case of a 37Y F with pheochromocytoma. Family history was significant for 1 sister who died just after delivery from severe hypertensive crisis, and a 26Y niece with left adrenal tumor and pancreatic tumor. Genetic sequencing revealed Q164R (c.491A<G) mutation in the patient and her still assymptomatic 5Y daughter. ACMG: 'PP4' because the patients' phenotypes and family history are highly specidic for a disease with single genetic etiology.",Patient,Kelly,,NM_000551.3:c.491A>G,,NM_000551.3:c.491A>G,,,NG_008212.3:g.13180A>G,LRG_322:g.13180A>G,LRG_322t1:c.491A>G,NP_000542.1(LRG_322p1):p.(Gln164Arg),NC_000003.11:g.10191498A>G,3,10191498,.,A,G,NC_000003.12:g.10149814A>G,3,10149814,.,A,G,VHL,HGNC:12687,"Homo sapiens von Hippel-Lindau tumor suppressor (VHL), transcript variant 1, mRNA",,
N/A,No PMID,74,No,c.74C>T,NM_000551.3,p.Pro25Leu,P25L (c.74C>T),missense_variant,None,No,,HP:0005584,"(Beleslin-Cokic et al., 2013)",Unknown,Unknown,Full text not available data abstracted from abstract,"This study examined the expression of hypoxia related genes in renal cell carcinoma. The authors analysed the tumor and surrounding healthy tissue in 10 patients who had radical nephrectomy because of RCC. DNA was isolated from blood, tumor and surrounding healthy tissue for sequencing VHL gene. Only 1 patient had a hereditary form of RCC with a substitution of leucine to proline at position 25 (P25L) as a polymorphism of the VHL gene. ACMG: 'PP4' because the patient' phenotype is highly specidic for a disease with single genetic etiology.",Tumour,Kelly,,NM_000551.3:c.74C>T,,NM_000551.3:c.74C>T,,,NG_008212.3:g.5287C>T,LRG_322:g.5287C>T,LRG_322t1:c.74C>T,NP_000542.1(LRG_322p1):p.(Pro25Leu),NC_000003.11:g.10183605C>T,3,10183605,.,C,T,NC_000003.12:g.10141921C>T,3,10141921,.,C,T,VHL,HGNC:12687,"Homo sapiens von Hippel-Lindau tumor suppressor (VHL), transcript variant 1, mRNA",,
N/A,No PMID,233,No,c.233A>G,NM_000551.3,p.Asn78Ser,N78S (c.233A>G),missense_variant,1,Yes,,HP:0010797,"(Daniele et al., 1996)",E16Y0M,M,,"This paper presented 2 cases of VHL syndrome presented simultaneously in twins. Molecular studies were performed for all subjects of the family. DNA was extracted from peripheral blood. Mutation was detected though southern vlotting hybridization to radiolabelled VHLcDNA (g7 probe). DNA changes in VHL were only detected in the twins, suggesting a de novo missence mutation in the exon 1B of VHL gene N78S (c.233A>G) (This mutation was labelled as a/G transition at codon 446 in the paper.) Case 1 (III.2) was a 16Y M who presented with right cerebellar hemangioblastoma, medullary and spinal cord solid tumors. Case 2 (III.3) was a 16Y M who presented with right cerebellar hemagioblastoma and nasal pharygeal bleeding fibroangioma. ACMG: 'PP4' because the patients' phenotypes is highly specidic for a disease with single genetic etiology.",Patient,Kelly,,NM_000551.3:c.233A>G,,NM_000551.3:c.233A>G,,,NG_008212.3:g.5446A>G,LRG_322:g.5446A>G,LRG_322t1:c.233A>G,NP_000542.1(LRG_322p1):p.(Asn78Ser),NC_000003.11:g.10183764A>G,3,10183764,.,A,G,NC_000003.12:g.10142080A>G,3,10142080,.,A,G,VHL,HGNC:12687,"Homo sapiens von Hippel-Lindau tumor suppressor (VHL), transcript variant 1, mRNA",,
N/A,No PMID,233,No,c.233A>G,NM_000551.3,p.Asn78Ser,N78S (c.233A>G),missense_variant,1,Yes,,HP:0010797,"(Daniele et al., 1996)",E16Y0M,M,,,Patient,Kelly,,NM_000551.3:c.233A>G,,NM_000551.3:c.233A>G,,,NG_008212.3:g.5446A>G,LRG_322:g.5446A>G,LRG_322t1:c.233A>G,NP_000542.1(LRG_322p1):p.(Asn78Ser),NC_000003.11:g.10183764A>G,3,10183764,.,A,G,NC_000003.12:g.10142080A>G,3,10142080,.,A,G,VHL,HGNC:12687,"Homo sapiens von Hippel-Lindau tumor suppressor (VHL), transcript variant 1, mRNA",,
N/A,No PMID,499,No,c.499C>T,NM_000551.3,p.Arg167Trp,R167W(c.499C>T),missense_variant,1,No,,Unknown,"(Elenkova et al., 2007)",Unknown,Unknown,,"This paper presented a clinical case of a familial bilateral pheochromocytoma as a sole feature of the VHL disease type 2C. This is the first family with this disorder described in Bulgaria. Genetic analysis revealed a c.499C>T(p.Arg167Trp) missence mutation in exon 3 of VHL-gene. II1 (born 1974) and II3 (born 1977) are brothers who developed bilateral pheochromocytoma, I1 (born 1952), mother of the brothers, and III1 (born 2003), daughter of II1, are identified as carrier of this mutation. The original article is in foreign language. Data abstracted are from the English abstract and Figure 1. ACMG: 'PP1' because brothers II1, II3 who are confirmed carriers of the mutation in the family were both affected by VHL disease; 'PP4' because the patients' phenotypes and family history are highly specific for a disease with single genetic etiology.",Patient,Kelly,,NM_000551.3:c.499C>T,,NM_000551.3:c.499C>T,,,NG_008212.3:g.13188C>T,LRG_322:g.13188C>T,LRG_322t1:c.499C>T,NP_000542.1(LRG_322p1):p.(Arg167Trp),NC_000003.11:g.10191506C>T,3,10191506,.,C,T,NC_000003.12:g.10149822C>T,3,10149822,.,C,T,VHL,HGNC:12687,"Homo sapiens von Hippel-Lindau tumor suppressor (VHL), transcript variant 1, mRNA",,
N/A,No PMID,499,No,c.499C>T,NM_000551.3,p.Arg167Trp,R167W(c.499C>T),missense_variant,1,No,,HP:0002666,"(Elenkova et al., 2007)",Unknown,Unknown,bilateral pheochromocytoma,,Patient,Kelly,,NM_000551.3:c.499C>T,,NM_000551.3:c.499C>T,,,NG_008212.3:g.13188C>T,LRG_322:g.13188C>T,LRG_322t1:c.499C>T,NP_000542.1(LRG_322p1):p.(Arg167Trp),NC_000003.11:g.10191506C>T,3,10191506,.,C,T,NC_000003.12:g.10149822C>T,3,10149822,.,C,T,VHL,HGNC:12687,"Homo sapiens von Hippel-Lindau tumor suppressor (VHL), transcript variant 1, mRNA",,
N/A,No PMID,499,No,c.499C>T,NM_000551.3,p.Arg167Trp,R167W(c.499C>T),missense_variant,1,No,,HP:0002666,"(Elenkova et al., 2007)",Unknown,Unknown,"bilateral pheochromocytoma, passed away",,Patient,Kelly,,NM_000551.3:c.499C>T,,NM_000551.3:c.499C>T,,,NG_008212.3:g.13188C>T,LRG_322:g.13188C>T,LRG_322t1:c.499C>T,NP_000542.1(LRG_322p1):p.(Arg167Trp),NC_000003.11:g.10191506C>T,3,10191506,.,C,T,NC_000003.12:g.10149822C>T,3,10149822,.,C,T,VHL,HGNC:12687,"Homo sapiens von Hippel-Lindau tumor suppressor (VHL), transcript variant 1, mRNA",,
N/A,No PMID,499,No,c.499C>T,NM_000551.3,p.Arg167Trp,R167W(c.499C>T),missense_variant,1,No,,Unknown,"(Elenkova et al., 2007)",Unknown,Unknown,,,Patient,Kelly,,NM_000551.3:c.499C>T,,NM_000551.3:c.499C>T,,,NG_008212.3:g.13188C>T,LRG_322:g.13188C>T,LRG_322t1:c.499C>T,NP_000542.1(LRG_322p1):p.(Arg167Trp),NC_000003.11:g.10191506C>T,3,10191506,.,C,T,NC_000003.12:g.10149822C>T,3,10149822,.,C,T,VHL,HGNC:12687,"Homo sapiens von Hippel-Lindau tumor suppressor (VHL), transcript variant 1, mRNA",,
N/A,"No PMID, OVID 613950722",unknown,no,unknown,unknown,unknown,unknown,unknown,1,No,renal cell carcinoma,HP:0005584,"(Farooqui et al., 2016)",unknown,M,,,Patient,Kelly; Andreea,,unknown:unknown,UNKNOWN is not part of genome build GRCh37,,,,,,,,,,,,,,,,,,,,,,,,
N/A,"No PMID, OVID 613950722",384,no,c.384delT,NM_000551.3,p.Leu129Trpfs*30,L129Trpfs*30 (c.384delT),minus_1_frameshift_variant,1,No,Type I diabetes mellitus; pheochromocytoma; pancreatic cysts; renal cell carcinoma,HP:0100651; HP:0002666; HP:0001737; HP:0005584,"(Farooqui et al., 2016)",E19Y0M,M,Three of his eight siblings tested positive for the 384delT mutation. His father had died as a complication of metastatic renal carcinoma; paper name :Type 1 Diabetes Mellitus and Von Hipple Lindau Syndrome- Sweet Presentation of a Bitter Disease,"A 19-year-old Saudi male presented to the emergency department with one-week history of polyuria and polydipsia and persistent was diagnosed with type I diabetes mellitus and treated for diabetic ketoacidosis. Abdominal pain persisted, and investigation revealed left sided pheochromocytoma, multiple cystic lesions in the pancreas, and bilateral renal clear cell carcinoma Furham grade I. Genetic testing confirmed 384delT frame-shift mutation in exon 2 of the VHL gene. Mutation was confirmed in 3 of 8 of the patient's sibilings, although phenotypic information on sibilings was not available. Patient's father died due to complications from metastatic renal carcinoma but genotypic information is unknown. ACMG: PVS1, PP1, PP4",Patient,Kelly; Andreea,,NM_000551.3:c.384delT,Removing redundant reference bases from variant description,NM_000551.3:c.384del,,,NG_008212.3:g.9923del,LRG_322:g.9923del,LRG_322t1:c.384del,NP_000542.1(LRG_322p1):p.(Leu129TrpfsTer30),NC_000003.11:g.10188241del,3,10188239,.,CT,C,NC_000003.12:g.10146557del,3,10146555,.,CT,C,VHL,HGNC:12687,"Homo sapiens von Hippel-Lindau tumor suppressor (VHL), transcript variant 1, mRNA",,
N/A,"No PMID, OVID 613950722",384,no,c.384delT,NM_000551.3,p.Leu129Trpfs*30,L129Trpfs*30 (c.384delT),minus_1_frameshift_variant,1,No,unknown,unknown,"(Farooqui et al., 2016)",unknown,unknown,,,Patient,Kelly; Andreea,,NM_000551.3:c.384delT,Removing redundant reference bases from variant description,NM_000551.3:c.384del,,,NG_008212.3:g.9923del,LRG_322:g.9923del,LRG_322t1:c.384del,NP_000542.1(LRG_322p1):p.(Leu129TrpfsTer30),NC_000003.11:g.10188241del,3,10188239,.,CT,C,NC_000003.12:g.10146557del,3,10146555,.,CT,C,VHL,HGNC:12687,"Homo sapiens von Hippel-Lindau tumor suppressor (VHL), transcript variant 1, mRNA",,
N/A,"No PMID, OVID 613950722",384,no,c.384delT,NM_000551.3,p.Leu129Trpfs*30,L129Trpfs*30 (c.384delT),minus_1_frameshift_variant,1,No,unknown,unknown,"(Farooqui et al., 2016)",unknown,unknown,,,Patient,Kelly; Andreea,,NM_000551.3:c.384delT,Removing redundant reference bases from variant description,NM_000551.3:c.384del,,,NG_008212.3:g.9923del,LRG_322:g.9923del,LRG_322t1:c.384del,NP_000542.1(LRG_322p1):p.(Leu129TrpfsTer30),NC_000003.11:g.10188241del,3,10188239,.,CT,C,NC_000003.12:g.10146557del,3,10146555,.,CT,C,VHL,HGNC:12687,"Homo sapiens von Hippel-Lindau tumor suppressor (VHL), transcript variant 1, mRNA",,
N/A,"No PMID, OVID 613950722",384,no,c.384delT,NM_000551.3,p.Leu129Trpfs*30,L129Trpfs*30 (c.384delT),minus_1_frameshift_variant,1,No,unknown,unknown,"(Farooqui et al., 2016)",unknown,unknown,,,Patient,Kelly; Andreea,,NM_000551.3:c.384delT,Removing redundant reference bases from variant description,NM_000551.3:c.384del,,,NG_008212.3:g.9923del,LRG_322:g.9923del,LRG_322t1:c.384del,NP_000542.1(LRG_322p1):p.(Leu129TrpfsTer30),NC_000003.11:g.10188241del,3,10188239,.,CT,C,NC_000003.12:g.10146557del,3,10146555,.,CT,C,VHL,HGNC:12687,"Homo sapiens von Hippel-Lindau tumor suppressor (VHL), transcript variant 1, mRNA",,
N/A,"no PMID, OVID 71761625",598; 482,yes,c.598C>T; c.482G>A,NM_000551.3,p.Arg200Trp; p.Arg161Gln,R200W (c.598C>T);R161Q (c.482G>A),missense_variant,1,No,pheochromocytoma; hemangioblastoma; renal cell carcinoma,HP:0002666; HP:0010797; HP:0005584,"(Gardie et al., 2014)",unknown,unknown,conference abstract; check for later complete publication,"One family was found to carry both a heterozygous c.598C>T (p.Arg200Trp) mutation and a heterozygous c.482G>A (p.Arg161Gln) mutation. The family presented with pheochromocytoma, hemangioblastoma, renal cell carcinoma and erythrocytosis. ACMG: PP2, PP1, PP4",Family,Kelly; Andreea,,NM_000551.3:c.598C>T; NM_000551.3:c.482G>A,;,NM_000551.3:c.598C>T; NM_000551.3:c.482G>A,;,;,NG_008212.3:g.13287C>T; NG_008212.3:g.13171G>A,LRG_322:g.13287C>T; LRG_322:g.13171G>A,LRG_322t1:c.598C>T; LRG_322t1:c.482G>A,NP_000542.1(LRG_322p1):p.(Arg200Trp); NP_000542.1(LRG_322p1):p.(Arg161Gln),NC_000003.11:g.10191605C>T; NC_000003.11:g.10191489G>A,3; 3,10191605; 10191489,.; .,C; G,T; A,NC_000003.12:g.10149921C>T; NC_000003.12:g.10149805G>A,3; 3,10149921; 10149805,.; .,C; G,T; A,VHL; VHL,HGNC:12687; HGNC:12687,"Homo sapiens von Hippel-Lindau tumor suppressor (VHL), transcript variant 1, mRNA; Homo sapiens von Hippel-Lindau tumor suppressor (VHL), transcript variant 1, mRNA",;,;
N/A,"no PMID, OVID 613523566",342,yes,c.342T>C,NM_000551.3,p.Gly114Gly,G114G (c.342T>C),synonymous_variant,1,No,high blood pressure; pheochromocytoma,HP:0000822; HP:0002666,"(Lautenbach et al., 2016)",E17Y0M,F,Researchers suspect synonymous mutation has effects on transcript splicing (2 nucleotides into exon 2); proband,"A 17 year old female presented with high blood pressure and bilateral pheochromocytoma. Patient's father had bilateral pheochromocytoma at age 13, and two of the patient's sibilings also presente with bilateral pheochromocytoma. Anaylsis of germline variants revealed that a synonymous mutation c.342T>C was present in the patient and all three affected family members. Two unaffected family members did not have the mutation. Investigators hypothesize that since the mutation occurs 2 nucleotides into exon 2 it may have effects on VHL gene splicing. The patient's grandfather died of unknown renal disease at age 50. A germline mutation in the FH gene (c.556-4A>G) was also found in the patient, but not in any other family members. ACMG: PP4",Patient,Kelly; Andreea,,NM_000551.3:c.342T>C,,NM_000551.3:c.342T>C,,,NG_008212.3:g.9881T>C,LRG_322:g.9881T>C,LRG_322t1:c.342T>C,NP_000542.1(LRG_322p1):p.(Gly114=),NC_000003.11:g.10188199T>C,3,10188199,.,T,C,NC_000003.12:g.10146515T>C,3,10146515,.,T,C,VHL,HGNC:12687,"Homo sapiens von Hippel-Lindau tumor suppressor (VHL), transcript variant 1, mRNA",,
N/A,"no PMID, OVID 613523566",342,no,c.342T>C,NM_000551.3,p.Gly114Gly,G114G (c.342T>C),synonymous_variant,1,No,pheochromocytoma,HP:0002666,"(Lautenbach et al., 2016)",E13Y0M,M,Researchers suspect synonymous mutation has effects on transcript splicing (2 nucleotides into exon 2); father,,Patient,Kelly; Andreea,,NM_000551.3:c.342T>C,,NM_000551.3:c.342T>C,,,NG_008212.3:g.9881T>C,LRG_322:g.9881T>C,LRG_322t1:c.342T>C,NP_000542.1(LRG_322p1):p.(Gly114=),NC_000003.11:g.10188199T>C,3,10188199,.,T,C,NC_000003.12:g.10146515T>C,3,10146515,.,T,C,VHL,HGNC:12687,"Homo sapiens von Hippel-Lindau tumor suppressor (VHL), transcript variant 1, mRNA",,
N/A,"no PMID, OVID 613523566",342,no,c.342T>C,NM_000551.3,p.Gly114Gly,G114G (c.342T>C),synonymous_variant,1,No,pheochromocytoma,HP:0002666,"(Lautenbach et al., 2016)",E19Y0M,unknown,Researchers suspect synonymous mutation has effects on transcript splicing (2 nucleotides into exon 2); sibiling,,Patient,Kelly; Andreea,,NM_000551.3:c.342T>C,,NM_000551.3:c.342T>C,,,NG_008212.3:g.9881T>C,LRG_322:g.9881T>C,LRG_322t1:c.342T>C,NP_000542.1(LRG_322p1):p.(Gly114=),NC_000003.11:g.10188199T>C,3,10188199,.,T,C,NC_000003.12:g.10146515T>C,3,10146515,.,T,C,VHL,HGNC:12687,"Homo sapiens von Hippel-Lindau tumor suppressor (VHL), transcript variant 1, mRNA",,
N/A,"no PMID, OVID 613523566",342,no,c.342T>C,NM_000551.3,p.Gly114Gly,G114G (c.342T>C),synonymous_variant,1,No,pheochromocytoma,HP:0002666,"(Lautenbach et al., 2016)",E23Y0M,unknown,Researchers suspect synonymous mutation has effects on transcript splicing (2 nucleotides into exon 2); sibiling,,Patient,Kelly; Andreea,,NM_000551.3:c.342T>C,,NM_000551.3:c.342T>C,,,NG_008212.3:g.9881T>C,LRG_322:g.9881T>C,LRG_322t1:c.342T>C,NP_000542.1(LRG_322p1):p.(Gly114=),NC_000003.11:g.10188199T>C,3,10188199,.,T,C,NC_000003.12:g.10146515T>C,3,10146515,.,T,C,VHL,HGNC:12687,"Homo sapiens von Hippel-Lindau tumor suppressor (VHL), transcript variant 1, mRNA",,
N/A,"no PMID, OVID 613523566",unknown,no,unknown,unknown,unknown,unknown,unknown,1,No,Abnormality of the kidney,HP:0000077,"(Lautenbach et al., 2016)",unknown,M,,,Patient,Kelly; Andreea,,unknown:unknown,UNKNOWN is not part of genome build GRCh37,,,,,,,,,,,,,,,,,,,,,,,,
N/A,"No PMID, OVID 611206512",none,no,none,none,none,Null (Partial deletion of Exon 1),deletion,1,No,hemangioblastoma; meningioma; pituitary lesion; amenorrhea,HP:0010797; HP:0002858; HP:0012503; HP:0000141,"(Liu et al., 2016)",E29Y0M,F,negative family history,"A 29Y women presented in the outpatient department of Xuanwu Hospital with 1-year history of amenorrhea and was found to have a brainstem hemangioblastoma, posterior fossa meningiomas and a pituitary spaceoccupying lesion causing hyperprolactinemia. Genetic analysis revealed a partial delection of exon 1 in the VHL gene. The patient had a negative family history for VHL mutations, suggesting a de novo mutation. ACMG: PVS1, PP4",Patient,Andreea,,none:none,Variant description none:none lacks the . character between <type> and <position> in the expected pattern <accession>:<type>.<position>,,,,,,,,,,,,,,,,,,,,,,,,
N/A,No PMID,235,no,c.235C>G,NM_000551.3,p.Arg79Gly,R79G(c.235C>G),missense_variant,1,No,,HP:0002666,"(Martin et al., 2016)",E9Y0M,M,"son to case 2, abstract","This abstract reported the case of unilateral single familial pheochromocytoma diagosed in a father and his son. They both carried a single mutation in the VHL gene, c.235C>G (p.R79G). The son was diagnosed and treated at age 9, while the father was intervened at age 40. ACMG: 'PP4' because the patients' phenotypes and family history are highly specidic for a disease with single genetic etiology.",Patient,Kelly,,NM_000551.3:c.235C>G,,NM_000551.3:c.235C>G,,,NG_008212.3:g.5448C>G,LRG_322:g.5448C>G,LRG_322t1:c.235C>G,NP_000542.1(LRG_322p1):p.(Arg79Gly),NC_000003.11:g.10183766C>G,3,10183766,.,C,G,NC_000003.12:g.10142082C>G,3,10142082,.,C,G,VHL,HGNC:12687,"Homo sapiens von Hippel-Lindau tumor suppressor (VHL), transcript variant 1, mRNA",,
N/A,No PMID,235,no,c.235C>G,NM_000551.3,p.Arg79Gly,R79G(c.235C>G),missense_variant,2,No,,HP:0002666,"(Martin et al., 2016)",lk40Y0M,M,"father to case 1, abstract",,Patient,Kelly,,NM_000551.3:c.235C>G,,NM_000551.3:c.235C>G,,,NG_008212.3:g.5448C>G,LRG_322:g.5448C>G,LRG_322t1:c.235C>G,NP_000542.1(LRG_322p1):p.(Arg79Gly),NC_000003.11:g.10183766C>G,3,10183766,.,C,G,NC_000003.12:g.10142082C>G,3,10142082,.,C,G,VHL,HGNC:12687,"Homo sapiens von Hippel-Lindau tumor suppressor (VHL), transcript variant 1, mRNA",,
N/A,No PMID,95,no,c.95A>G,NM_000551.3,p.Glu32Gly,E32G(c.95A>G),missense_variant,None,No,,HP:0002666,"(Regeti & Bhusal, 2018)",E37Y0M,M,Abstract; https://journals.aace.com/doi/pdf/10.4158/1530-891X-24.s1.1 ,This abstract presented the case of a 37-year-old caucasian male with pheochromocytoma. Genetic testing revealed NM_000551.3:c.95A>G(p.Glu32Gly)mutation in the VHL gene. The patient also had significant family history in grandmother who had adrenalctomy and his son diagnosed with hypertension. Genetic testing for family member was not reported in the abstract. ACMG: 'PP4' because the patients' phenotypes and family history are highly specific for a disease with single genetic etiology.,Patient,Kelly,Andreea had record somewhere but not on ML,NM_000551.3:c.95A>G,,NM_000551.3:c.95A>G,,,NG_008212.3:g.5308A>G,LRG_322:g.5308A>G,LRG_322t1:c.95A>G,NP_000542.1(LRG_322p1):p.(Glu32Gly),NC_000003.11:g.10183626A>G,3,10183626,.,A,G,NC_000003.12:g.10141942A>G,3,10141942,.,A,G,VHL,HGNC:12687,"Homo sapiens von Hippel-Lindau tumor suppressor (VHL), transcript variant 1, mRNA",,
N/A,No PMID,469,no,c.496G>T,NM_000551.3,p.Val166Phe,V166F (c.496G>T),missense_variant,None,Yes,,HP:0002666,"(Saini et al, 2017)",LK9Y0M,M,High grade bilateral pheo in a child; paper gave p.,"A 9 year old previously healthy male presenting with bilateral pheochromocytoma was tested and revealed a p.V166F protein change. No specific nucleotide change was reported. Testing of parents and siblings revealed that this was a de novo m,utation,. ACMG Evidence Code: 'PP4' because the patient's phenotype of bilateral pheochromocytoma at a young age is highly specific for VHL syndrome. ",Patient,Liam,,NM_000551.3:c.496G>T,,NM_000551.3:c.496G>T,,,NG_008212.3:g.13185G>T,LRG_322:g.13185G>T,LRG_322t1:c.496G>T,NP_000542.1(LRG_322p1):p.(Val166Phe),NC_000003.11:g.10191503G>T,3,10191503,.,G,T,NC_000003.12:g.10149819G>T,3,10149819,.,G,T,VHL,HGNC:12687,"Homo sapiens von Hippel-Lindau tumor suppressor (VHL), transcript variant 1, mRNA",,
N/A,"no PMID, OVID 613520271",464,no,c.464-?_642+?del,NM_000551.3,EXON 3 DELETION,EXON 3 DELETION,exon_loss_variant,1,No,cerebellar hemangioblastoma; pancreatic endocrine tumor,HP:0006880; HP:0030405,"(Sirinvaravong et al., 2016)",E20Y0M; lk30Y0M,M,confernece abstract,"Thai male was diagnosed with VHL at age 20 when he was found to have a cerebellar hemangioblastoma. Genetic testing revealed a large deletion of exon 3 and poly A sites of VHL gene. 10 years later he was diagnosed with malignant pancreatic neuroendocrine tumor (PNET) with liver metastasis. ACMG: PVS1, PP4",Patient,Kelly; Andreea,,NM_000551.3:c.464-?_642+?del,NM_000551.3:c.464-?_642+?del: char 18: expected a digit,,,,,,,,,,,,,,,,,,,,,,,,
N/A,"no PMID, OVID 369242012",500,no,c.500G>A,NM_000551.3,p.Arg167Gln,R167Q (c.500G>A),missense_variant,1,No,Pheo,HP:0002666,"(Todorov et al., 2012)",E24Y0M,F,proband,"A case report showed that a 24Y female was found with bilateral pheochromocytoma and a germline mutation c.500G>A (p.Arg167Gln) in the VHL gene. The mutation was confirmed in her mother who suffered from bilateral blindness for 20 years. No other pheotypic information of the mother was mentioned. ACMG: PM1, PP1, PP4",Patient,Kelly; Andreea,,NM_000551.3:c.500G>A,,NM_000551.3:c.500G>A,,,NG_008212.3:g.13189G>A,LRG_322:g.13189G>A,LRG_322t1:c.500G>A,NP_000542.1(LRG_322p1):p.(Arg167Gln),NC_000003.11:g.10191507G>A,3,10191507,.,G,A,NC_000003.12:g.10149823G>A,3,10149823,.,G,A,VHL,HGNC:12687,"Homo sapiens von Hippel-Lindau tumor suppressor (VHL), transcript variant 1, mRNA",,
N/A,"no PMID, OVID 369242012",500,no,c.500G>A,NM_000551.3,p.Arg167Gln,R167Q (c.500G>A),missense_variant,1,No,blindness,HP:0000618,"(Todorov et al., 2012)",unknown,F,mother,,Patient,Kelly; Andreea,,NM_000551.3:c.500G>A,,NM_000551.3:c.500G>A,,,NG_008212.3:g.13189G>A,LRG_322:g.13189G>A,LRG_322t1:c.500G>A,NP_000542.1(LRG_322p1):p.(Arg167Gln),NC_000003.11:g.10191507G>A,3,10191507,.,G,A,NC_000003.12:g.10149823G>A,3,10149823,.,G,A,VHL,HGNC:12687,"Homo sapiens von Hippel-Lindau tumor suppressor (VHL), transcript variant 1, mRNA",,
N/A,No PMID,388,no,c.388G>C,NM_000551.3,p.Val130Leu,V130L(c.388G>C),missense_variant,None,No,,HP:0030393,"(Williamson et al., 2003)",E8Y0M,M,,"This paper shows the imaging result of an endolymphatic sac tumor found in the left temporal bone of an 8-year-old boy who presented with profound sensorineural hearin gloss, intermittent vertigo. vHL mutation analysis showed c.388G>C mutation (noted as G-to-C nucleotide 601 mutation in the paper). ACMG: 'PP4' because the patients' phenotypes is highly specidic for a disease with single genetic etiology.",Patient,Kelly,,NM_000551.3:c.388G>C,,NM_000551.3:c.388G>C,,,NG_008212.3:g.9927G>C,LRG_322:g.9927G>C,LRG_322t1:c.388G>C,NP_000542.1(LRG_322p1):p.(Val130Leu),NC_000003.11:g.10188245G>C,3,10188245,.,G,C,NC_000003.12:g.10146561G>C,3,10146561,.,G,C,VHL,HGNC:12687,"Homo sapiens von Hippel-Lindau tumor suppressor (VHL), transcript variant 1, mRNA",,
N/A,"no PMID, OVID 610167353",none,no,none,none,none,Null (9kb deletion encompassing exon 3),deletion,1,No,hemangioblastoma; retinal capillary hemangioma; renal cell carcinoma; pancreatic cysts,HP:0010797; HP:0009711; HP:0005584; HP:0001737,"(Yang et al., 2016)",E33Y0M; lk47Y0M,F,Mother; paper at http://www.ijcem.com/files/ijcem0019117.pdf,"Members of a Chinese multigeneration family underwent surgical therapy for renal tumors in Nanjing Drum tower hospital. 2 of the 4 members (mother and son) were diagnosed with VHL disease with a9kb deletion in exon 3 of the VHL gene. Grandfather had no history of disease and grandmother's history was unknown. Mother had CNS hemangioblastoma at age 33, retinal angioma at age 45, right ccrenal cell carcinoma and multiple pancreatic cysts at age 47. The son presented with CNS Hemangioblastoma at age 9, bilateral ccrenal cell carcinoma at age 27, pheochromocytoma at age 26 and papillary cystadenoma of the epididymis at age 24. ACMG: PVS1, PP1, PP4",Patient,Kelly; Andreea,,none:none,Variant description none:none lacks the . character between <type> and <position> in the expected pattern <accession>:<type>.<position>,,,,,,,,,,,,,,,,,,,,,,,,
N/A,"no PMID, OVID 610167353",none,no,none,none,none,Null (9kb deletion encompassing exon 3),deletion,1,No,hemangioblastoma; renal cell carcinoma; pheochromocytoma; papillary cystadenoma of the epididymis,HP:0010797; HP:0005584; HP:0002666; HP:0009715,"(Yang et al., 2016)",E9Y0M; lk27Y0M,M,Son,,Patient,Kelly; Andreea,,none:none,Variant description none:none lacks the . character between <type> and <position> in the expected pattern <accession>:<type>.<position>,,,,,,,,,,,,,,,,,,,,,,,,
N/A,no PMID,250,no,c.250G>A,NM_000551.3,p.Val84Met,V84M (c.250G>A),missense_variant,1,no,,HP:0002666; HP:0002668,"(Kadakia et al., 2018)",E11Y0M; lk17Y0M,M,,An 11-year-old boy with a 2-week history of nausea and vomiting was found with HP:0002666. Two years later he also developed HP:0002668. The patient is now 17Y old and had no other VHL disease manifestations. Genetic testing found a c.250G>A mutation in the VHL gene. His father and paternal aunt had histories of HP:0002666 but genetic testing for family members was not described. ACMG PP4,Patient,Andreea,,NM_000551.3:c.250G>A,,NM_000551.3:c.250G>A,,,NG_008212.3:g.5463G>A,LRG_322:g.5463G>A,LRG_322t1:c.250G>A,NP_000542.1(LRG_322p1):p.(Val84Met),NC_000003.11:g.10183781G>A,3,10183781,.,G,A,NC_000003.12:g.10142097G>A,3,10142097,.,G,A,VHL,HGNC:12687,"Homo sapiens von Hippel-Lindau tumor suppressor (VHL), transcript variant 1, mRNA",,
N/A,no PMID,unknown,no,unknown,unknown,unknown,unknown,unknown,1,no,,HP:0002666,"(Kadakia et al., 2018)",unknown,M,,,Patient,Andreea,,unknown:unknown,UNKNOWN is not part of genome build GRCh37,,,,,,,,,,,,,,,,,,,,,,,,
N/A,no PMID,unknown,no,unknown,unknown,unknown,unknown,unknown,1,no,,HP:0002666,"(Kadakia et al., 2018)",unknown,F,,,Patient,Andreea,,unknown:unknown,UNKNOWN is not part of genome build GRCh37,,,,,,,,,,,,,,,,,,,,,,,,